DisciplineName,count,Direction
BIM-технологии в архитектурно-строительном проектировании,72,Строительство / Архитектура
Smart-технологии в телекоммуникационных сетях и системах,5,Электроника и телеком
Smart-технологии в устройствах и системах отображения информации,11,Другое
Succeeding as a Global Wildcat,8,Другое
Succeeding as a Global Wildcat 2,7,Другое
WEB-программирование,95,IT / Программирование
Writing Studio,6,Другое
ІТ-технологии в научных исследованиях,31,Другое
Автоматизация сварочных процессов,2,Машиностроение
Автоматизация электроэнергетических систем,22,Электроника и телеком
Автоматизированные системы на транспорте,76,Другое
Автоматические системы контроля и учета электроэнергии,17,Электроника и телеком
Автоматическое регулирование,146,Другое
Автомобильные эксплуатационные материалы,1,Транспорт
Аддитивные технологии 3D принтинга,5,Другое
Академическое письмо,15,Другое
Аккредитация и обеспечение качества испытательных лабораторий,19,Измерения / Метрология / Качество
Алгоритмы и структуры данных,314,IT / Программирование
Анализ временных рядов,24,Другое
Анализ данных,100,Data / AI
Анализ и моделирование сложных систем,24,Математика / Физика
Анализ технологий и технических средств защиты информации в телекоммуникациях,3,Электроника и телеком
Аналоговые и цифровые измерительные устройства,38,Другое
Аналоговые и цифровые электронные устройства,47,Электроника и телеком
Английский язык,149,Языки
Английский язык (A1),109,Языки
Английский язык (A2),30,Языки
Английский язык (B1),2,Языки
Английский язык (B2),1,Языки
Антенно-фидерные устройства,85,Электроника и телеком
Архитектура гражданских зданий,345,Строительство / Архитектура
Архитектура компьютера,270,Строительство / Архитектура
Архитектура компьютерных систем,145,IT / Программирование
Архитектура промышленных зданий,185,Строительство / Архитектура
Архитектура промышленных и гражданских зданий,51,Строительство / Архитектура
Архитектура распределенных приложений,15,Строительство / Архитектура
Архитектурная акустика и светотехника,10,Строительство / Архитектура
Архитектурная колористика,33,Строительство / Архитектура
Базы данных,280,IT / Программирование
Безопасность компьютерных сетей,28,IT / Программирование
Беспроводные сети и передача информации,1,Другое
Вагонное хозяйство,14,Транспорт
Введение в веб-дизайн и разработку,228,IT / Программирование
Введение в информационные системы,249,IT / Программирование
Введение в профессиональную деятельность,864,Другое
Введение в специальность,1,Другое
Введение в электронику и телекоммуникации,50,Электроника и телеком
Веб-аналитика и цифровой маркетинг,18,IT / Программирование
Векторная математика,42,Математика / Физика
Высшая математика,299,Математика / Физика
Вычислительная математика,31,Математика / Физика
Геодезия,202,Строительство / Архитектура
Геотехника 1,27,Строительство / Архитектура
Геотехника 2,54,Строительство / Архитектура
Гидравлика и гидропневмопривод,1,Другое
Гидравлика на транспорте,80,Другое
Гидро- и пневмосистемы в машиностроении,65,Машиностроение
Глобальные навигационные спутниковые системы,69,Другое
Государственный экзамен по специальности,1,Другое
Графика по специальности,44,Дизайн / Искусство
Графическая перспектива,51,Другое
Графические средства информационных систем,231,IT / Программирование
Дальние электропередачи СВН,2,Электроника и телеком
Датчики технологических процессов,162,Другое
Декоративно-прикладное искусство в интерьере,10,Другое
Деловой казахский язык,25,Языки
Детали и узлы приборов,18,Другое
Детали машин,65,Машиностроение
Детали машин и основы конструирования,14,Машиностроение
Дизайн телевизионной среды,33,Дизайн / Искусство
Динамика вагонов,7,Транспорт
Динамика транспортной техники,80,Транспорт
Дискретная математика,28,Математика / Физика
Дифференциальные уравнения,28,Математика / Физика
Железобетонные и каменные конструкции,104,Строительство / Архитектура
Железобетонные конструкции,272,Строительство / Архитектура
Живопись 1,84,Дизайн / Искусство
Живопись 2,53,Дизайн / Искусство
Живопись 3,51,Дизайн / Искусство
Защита  информации,80,Другое
Защита дипломной работы (проекта),1,Другое
Защита и скрытность информации,40,Другое
Индивидуальная профессиональная подготовка,1,Другое
Инженерная геология,209,Другое
Инженерная графика,148,Дизайн / Искусство
Инженерная графика в промышленности,160,Дизайн / Искусство
Инженерная механика 1,83,Другое
Инженерная механика 2,45,Другое
Инженерные системы зданий и сооружений,214,Строительство / Архитектура
Инновационное проектирование в информационных технологиях,5,IT / Программирование
Инновационное управление качеством услуг и процессов,1,Экономика / Менеджмент
Инновационные технологии обучения технических наук в высшей школе,34,Другое
Инновационные технологии транспортной отрасли,3,Транспорт
"Инновационный менеджмент в стандартизации, сертификации и метрологии",7,Измерения / Метрология / Качество
Иностранный язык,1222,Языки
Иностранный язык (A0),62,Языки
Иностранный язык (A1),848,Языки
Иностранный язык (A2),115,Языки
Иностранный язык (B1),33,Языки
Иностранный язык (B2),10,Языки
Иностранный язык (профессиональный),135,Языки
Инструментальная среда разработки приложений,13,Другое
Инструментальные средства разработки программ,90,Другое
Интегральная и микропроцессорная схемотехника,42,Электроника и телеком
Интеллектуализация измерительной техники,6,Другое
Интеллектуальные измерительные системы,36,Другое
Интеллектуальные информационно-измерительные технологии,5,Data / AI
Интеллектуальные информационные системы,14,Data / AI
Интеллектуальные системы и автоматизированное принятие решений,5,Data / AI
Интеллектуальные системы управления и обработки информации,1,Data / AI
Интеллектуальные средства измерений,18,Измерения / Метрология / Качество
Интеллектуальный анализ данных и их обнаружение,18,Data / AI
Интерфейсная разработка,100,IT / Программирование
Информационная безопасность,144,IT / Программирование
Информационно-измерительная техника,135,IT / Программирование
Информационно-измерительные системы и комплексы в промышленности,23,IT / Программирование
Информационно-коммуникационные технологии,700,IT / Программирование
Информационно-коммуникационные технологии (на английском языке),554,IT / Программирование
Информационные технологии в транспорте и транспортной технике,7,IT / Программирование
Информационные устройства робототехнических систем,12,IT / Программирование
Искусственный интеллект,10,Data / AI
Использование BIM-технологий в жилищно-коммунальном хозяйстве,21,Строительство / Архитектура
"Испытание, контроль и безопасность продукции",22,Измерения / Метрология / Качество
Исследовательская практика,19,Другое
Исследовательская практика 1,85,Другое
Исследовательская практика 2,82,Другое
История Казахстана,897,Гуманитарные науки
История и проблемы современной информатики и вычислительной техники,4,Гуманитарные науки
История и философия науки,89,Гуманитарные науки
История искусств,87,Гуманитарные науки
История стилей,46,Гуманитарные науки
Источники питания для сварки и сварочные материалы,1,Машиностроение
Казахский язык,1246,Языки
Казахский язык (A0),4,Языки
Казахский язык (A1),254,Языки
Казахский язык (A2),257,Языки
Казахский язык (B1),83,Языки
Казахский язык (B2),110,Языки
Казахский язык (C1),2,Языки
Квалиметрия,22,Измерения / Метрология / Качество
Книжная графика и иллюстрация,24,Дизайн / Искусство
Композиция II (по профилю),11,Другое
Композиция прикладного искусства,30,Другое
Компьютерная архитектура и операционные системы,228,IT / Программирование
Компьютерная графика,116,IT / Программирование
Компьютерная математика,566,IT / Программирование
Компьютерное зрение в системах реального времени,2,IT / Программирование
Компьютерное моделирование,342,IT / Программирование
Компьютерное моделирование вычислительных систем,2,IT / Программирование
Компьютерное моделирование информационных систем,92,IT / Программирование
Компьютерные программы для проектирования объектов в машиностроении,61,IT / Программирование
Компьютерные программы и аддитивные технологии 3D принтинга,27,IT / Программирование
Компьютерные сети,270,IT / Программирование
Компьютерные технологии и автоматизированные системы поддержки инженерных решений в машиностроении,2,IT / Программирование
Кондиционирование воздуха в вагонах,16,Транспорт
Конструкторско-технологическое обеспечение машиностроительного производства на базе CAD-CAM-CAE-систем,30,Машиностроение
Конструкции из дерева и пластмасс,397,Строительство / Архитектура
"Конструкционные материалы и проектирование, производство заготовок",19,Машиностроение
Конструкционные материалы и производство заготовок,6,Машиностроение
Конструкционные материалы и термообработка,29,Машиностроение
Конструкция вагонов и SMART системы,16,Транспорт
Контроль и диагностика радиоэлектронных устройств и систем,1,Электроника и телеком
Контроль и диагностика электроэнергетических систем,2,Электроника и телеком
Контроль качества сварных соединений,1,Измерения / Метрология / Качество
Корпоративные информационные системы,18,IT / Программирование
Критическое и креативное мышление,477,Гуманитарные науки
Культура и этика академического письма,109,Гуманитарные науки
Культурология,1,Гуманитарные науки
Лидерство и управление инновациями,298,Софт-скиллы / Общие компетенции
Лидерство и управление инновациями 2,291,Софт-скиллы / Общие компетенции
Литейные сплавы и плавка,1,Другое
Манаштану,922,Другое
Математика,915,Математика / Физика
Математика 1,17,Математика / Физика
Математика 2,313,Математика / Физика
Математика 3,228,Математика / Физика
Математические основы моделирования,4,Математика / Физика
Математическое и компьютерное моделирование в информационных системах,2,IT / Программирование
"Математическое и компьютерное моделирование в радиотехнике, электронике и телекоммуникациях",1,IT / Программирование
Математическое и компьютерное моделирование в энергетике,2,IT / Программирование
Материаловедение в дизайне,83,Дизайн / Искусство
Машинная графика,40,Дизайн / Искусство
Менеджмент,46,Экономика / Менеджмент
Менеджмент научных исследований,22,Экономика / Менеджмент
Металлические конструкции,324,Строительство / Архитектура
Металлические конструкции 2,24,Строительство / Архитектура
Металлорежущие станки,2,Машиностроение
Методика преподавания технических дисциплин в высшей школе,34,Другое
Методология и методы научных исследований,7,Другое
Методология научных исследований в машиностроении,20,Машиностроение
Методология научных исследований в области технического регулирования и метрологии,6,Измерения / Метрология / Качество
Методы и средства измерений в телекоммуникациях,2,Электроника и телеком
"Методы и средства измерений, испытаний и контроля в промышленности",13,Измерения / Метрология / Качество
Методы контроля и диагностики в метрологической деятельности,5,Измерения / Метрология / Качество
Методы моделирования технологических процессов в машиностроении,3,Машиностроение
Методы научных исследований,593,Другое
Методы поиска новых технических решений,21,Другое
Методы принятия управленческих решений,1,Другое
Метрологическая экспертиза технической документации,13,Измерения / Метрология / Качество
Метрологическое обеспечение производства,24,Измерения / Метрология / Качество
Метрология,19,Измерения / Метрология / Качество
Метрология и радиоизмерения,43,Электроника и телеком
Метрология программного обеспечения,53,Измерения / Метрология / Качество
Механизация и автоматизация погрузочно-разгрузочных работ на железнодорожном транспорте,8,Транспорт
Механизмы преобразования и передачи энергии в металлорежущих станках,5,Другое
Механика,7,Другое
Механика грунтов. Основания и фундаменты,324,Другое
Мехатроника и робототехника,43,Другое
Мехатронные системы рекупиротивного действия,2,Другое
Микроконтроллеры и микропроцессоры,99,Электроника и телеком
Многоканальные телекоммуникационные системы,95,Электроника и телеком
Мобильные технологии и приложения,112,Другое
Модели и методы интеллектуального анализа данных,25,Другое
Модели и методы обработки знаний в интеллектуальных системах,6,Другое
Моделирование архитектуры программного обеспечения,13,Строительство / Архитектура
Моделирование бизнес-процессов,155,Математика / Физика
Моделирование и исследование свойств строительных материалов,24,Строительство / Архитектура
Моделирование и прототипирование сложных пространственных объектов,28,Математика / Физика
Моделирование прикладных задач,34,Математика / Физика
Моделирование радиотехнических систем,126,Электроника и телеком
Моделирование случайных процессов,20,Математика / Физика
Модуль социально-политических знаний,299,Другое
"Модуль социально-политических знаний (социология, политология, культурология, психология)",1070,Гуманитарные науки
"Монтаж, наладка и эксплуатация приборов и систем",4,Другое
"Монтаж, наладка приборов и систем",7,Другое
Надежность компьютерных систем,7,IT / Программирование
Надежность транспортной техники,23,Транспорт
Надежность электроэнергетических систем,8,Электроника и телеком
Написание и защита дипломного проекта,818,Другое
Написание и защита дипломного проекта/Подготовка и сдача комплексного экзамена,1,Другое
"Написание и защита дипломной работы, дипломного проекта или подготовка и сдача комплексного экзамена",79,Другое
Написание и защита докторской диссертации,1,Другое
Наука как особая форма человеческой деятельности,1,Другое
Научно-исследовательская работа,403,Другое
"Научно-исследовательская работа докторанта, включая выполнение докторской диссертации",6,Другое
"Научно-технические проблемы радиотехники, электроники и телекоммуникаций",6,Электроника и телеком
Научно-технические проблемы электроэнергетики,10,Электроника и телеком
Научные основы моделирования в инфокоммуникационных системах,1,Математика / Физика
Научные основы разработки документации для аккредитации испытательных лабораторий,1,Измерения / Метрология / Качество
Неразрушающий контроль в технических системах,2,Другое
Нетрадиционные и возобновляемые источники энергии,118,Другое
Нормирование точности в метрологии,15,Измерения / Метрология / Качество
Обеспечение качества сертификации промышленной продукции,23,Измерения / Метрология / Качество
Общая и неорганическая химия,40,Другое
Общая теория измерений,20,Измерения / Метрология / Качество
Объектно-ориентированное программирование,238,IT / Программирование
Операционные системы,192,IT / Программирование
Организация автомобильных перевозок,78,Транспорт
Организация вычислительных систем и сетей,41,Другое
Организация делопроизводства на государственном языке,1,Языки
Организация и безопасность дорожного движения,78,Транспорт
Организация и планирование научной деятельности,1,Другое
Организация строительного производства,344,Строительство / Архитектура
Основы САПР,1,Другое
Основы автоматизированного проектирования,17,Другое
Основы автоматизированного проектирования в сварке,1,Другое
Основы академического письма,801,Софт-скиллы / Общие компетенции
Основы архитектурного черчения,18,Строительство / Архитектура
Основы безопасности жизнедеятельности,22,Другое
Основы взаимозаменяемости,51,Другое
Основы инженерного творчества,36,Другое
Основы информационно-измерительных технологий,32,IT / Программирование
Основы информационных систем,327,IT / Программирование
Основы искусственного интеллекта,13,Другое
Основы композиции,142,Другое
Основы компьютерных сетей,95,IT / Программирование
Основы конструирования и детали машин,71,Машиностроение
Основы конструирования и технологии производства радиокомпонентов,45,Электроника и телеком
Основы конструкции автомобилей,47,Транспорт
Основы материаловедения,54,Другое
Основы нанотехнологий,141,Другое
Основы научных исследований,12,Другое
Основы организации научных исследований и инновационной деятельности,2,Другое
Основы права и антикоррупционной культуры,232,Софт-скиллы / Общие компетенции
Основы права и правового регулирования,8,Софт-скиллы / Общие компетенции
Основы проектирования технологического оборудования,79,Другое
Основы робототехнических систем,10,Другое
Основы сетевых технологий,74,IT / Программирование
Основы систем автоматизированного проектирования,87,Другое
Основы телевидения и видеотехники,113,Другое
Основы технического регулирования,10,Другое
Основы технической механики,67,Другое
Основы технической эксплуатации транспортной техники,66,Транспорт
Основы технологии машиностроения,1,Машиностроение
Основы технологии машиностроения и методы размерного анализа,58,Машиностроение
Основы технологии обслуживания транспортной техники,10,Транспорт
Основы технологии производства и ремонта транспортной техники,124,Транспорт
Основы управления качеством,1,Другое
Основы управления качеством в машиностроении,36,Машиностроение
"Основы экономики, предпринимательства и финансовой грамотности",192,Экономика / Менеджмент
Основы электроники,45,Электроника и телеком
Основы электронной и измерительной техники,98,Электроника и телеком
Особенности размерного анализа технологических процессов сварки,1,Другое
Оформление и защита магистерского проекта,41,Другое
Оформление и защита магистерской диссертации,68,Другое
Охрана труда,290,Другое
Охрана труда и безопасность жизнедеятельности,1,Другое
Охрана труда и промышленная безопасность,45,Другое
Охрана труда и техника безопасности в строительстве,55,Другое
Параллельные вычисления,7,Другое
Патентные исследования на различных этапах создания и освоения объектов техники,1,Другое
Патентоведение,1,Другое
Педагогика высшей школы,71,Другое
Педагогическая практика,114,Другое
Передача и распределение электроэнергии,112,Электроника и телеком
Переходные процессы в электроэнергетических системах,130,Электроника и телеком
"Планирование и постановка экспериментов, обработка результатов исследования",17,Другое
Планирование на электроэнергетических предприятиях,1,Электроника и телеком
"Поверка, безопасность и надежность информационно-измерительных систем",34,IT / Программирование
Подготовка и сдача комплексного экзамена,10,Другое
Подъемно-транспортное оборудование,1,Транспорт
Политология,1,Гуманитарные науки
Получисленные алгоритмы,224,IT / Программирование
Правила дорожного движения,81,Транспорт
Практикум по иностранному языку 1,234,Языки
Практикум по иностранному языку 2,3,Языки
Практикум по иностранному языку 2 (A2),74,Языки
Практикум по иностранному языку 2 (B1),17,Языки
Преддипломная практика,1009,Другое
Приборы и методы исследований,45,Другое
Прикладная визуализация данных,98,Другое
Принципы инженерного творчества,1,Другое
"Проблемы информатики, вычислительной техники и управления",2,Другое
Программирование для инженерных приложений,12,IT / Программирование
Программирование для инженерных приложений (Python),28,IT / Программирование
Программирование для инженерных приложений (Основы С),42,IT / Программирование
Программирование маркетинговых инструментов для digital-продвижения,15,IT / Программирование
Программная инженерия,90,Другое
Программное сопровождение систем дистанционного управления объектами,11,Другое
Программные средства информационных систем,31,IT / Программирование
Проектирование WEB-приложений,62,IT / Программирование
Проектирование и дизайн пользовательских интерфейсов,7,IT / Программирование
Проектирование и оптимизация конструкций машин и оборудования,22,Строительство / Архитектура
Проектирование и производство заготовок,26,Другое
Проектирование и производство металлорежущего инструмента,67,Другое
Проектирование и производство режущего инструмента,5,Другое
Проектирование инженерных систем зданий и сооружений с использованием BIM-технологий,14,Строительство / Архитектура
Проектирование интернет-приложений,4,IT / Программирование
Проектирование информационных систем,87,IT / Программирование
Проектирование информационных систем и сервисов,94,IT / Программирование
Проектирование компьютерных систем,7,IT / Программирование
Проектирование надежных компьютерных систем,153,IT / Программирование
Проектирование объектов архитектурного дизайна 1,52,Строительство / Архитектура
Проектирование объектов архитектурного дизайна 2,42,Строительство / Архитектура
Проектирование объектов архитектурного дизайна 3,42,Строительство / Архитектура
Проектирование объектов архитектурного дизайна 4,28,Строительство / Архитектура
Проектирование объектов архитектурного дизайна 5,28,Строительство / Архитектура
Проектирование объектов графического дизайна 1,50,Дизайн / Искусство
Проектирование объектов графического дизайна 2,45,Дизайн / Искусство
Проектирование объектов графического дизайна 3,46,Дизайн / Искусство
Проектирование объектов графического дизайна 4,30,Дизайн / Искусство
Проектирование объектов графического дизайна 5,34,Дизайн / Искусство
Проектирование программного обеспечения,10,Другое
Проектирование промышленных зданий,14,Строительство / Архитектура
Проектирование сварочной оснастки,2,Машиностроение
Проектирование сварочных цехов,1,Машиностроение
Проектирование систем дистанционного управления объектами,2,Другое
Проектирование строительных конструкций с использованием расчетных комплексов,35,Строительство / Архитектура
Проектирование технологической оснастки,56,Машиностроение
Проектирование транспортных предприятий,96,Транспорт
Производственная практика,44,Другое
Производственная практика 1,1413,Другое
Производственная практика 2,1227,Другое
Производственная практика 3,1096,Другое
Производственная практика 4,125,Другое
Производственная практика 5,3,Другое
Производство электроэнергии,158,Электроника и телеком
Промышленная безопасность,60,Другое
Промышленная графика,30,Дизайн / Искусство
Промышленная электроника,130,Электроника и телеком
Пропорции в машиностроении,1,Машиностроение
Протоколы и интерфейсы информационных систем,38,IT / Программирование
Протоколы и интерфейсы компьютерных систем,263,IT / Программирование
Протоколы и интерфейсы мобильных приложений,25,IT / Программирование
Профессиональный английский язык 1,20,Языки
Профессиональный английский язык 2,5,Языки
Профессиональный английский язык 3,1,Языки
Прочностные расчеты конструкторских элементов деталей машин,25,Другое
Психология общения и управление конфликтами,116,Другое
Психология управления,135,Другое
Радиоавтоматика,66,Электроника и телеком
Радиотехнические системы,132,Электроника и телеком
Радиотехнические цепи и сигналы,103,Электроника и телеком
Разработка и сопровождение информационных систем и сервисов,159,IT / Программирование
Разработка информационных систем,20,IT / Программирование
Разработка сметно-финансовой документации,35,Другое
Разработка технологических процессов и подготовка управляющих программ при изготовлении деталей на станках с числовым программным управлением,93,Другое
Расчет и проектирование приборов,43,Другое
Реинжиниринг бизнес-процессов и основы коммерциализации,7,Другое
Реконструкция и ремонт зданий,199,Строительство / Архитектура
Релейная защита и автоматизация электроэнергетических систем,129,Электроника и телеком
Решение финансово-хозяйственных проблем транспорта,6,Другое
Рисунок 1,88,Дизайн / Искусство
Рисунок 2,60,Дизайн / Искусство
Рисунок 3,51,Дизайн / Искусство
Риторика и культура речи,31,Гуманитарные науки
Робототехнические системы,5,Другое
"Роботы, манипуляторы, робототехнические системы",22,Другое
Роль эксперимента в управлении качеством продукции в промышленности,23,Другое
Русский язык,342,Языки
Русский язык (A0),2,Языки
Русский язык (A1),11,Языки
Русский язык (A2),34,Языки
Русский язык (B1),130,Языки
Русский язык (B2),55,Языки
Сварочное производство в машиностроении,36,Машиностроение
Сетевое и системное администрирование,41,IT / Программирование
Сети связи и системы коммуникации,16,Электроника и телеком
Сети связи и системы коммуникаций,25,Электроника и телеком
Система контроля технической документации,4,Другое
Система профессиональной безопасности в промышленности,78,Другое
Системное программное обеспечение,78,IT / Программирование
Системный анализ,93,Другое
Системы автоматизированного проектирования,125,Другое
Системы автоматизированного проектирования в строительстве,149,Другое
Системы автоматики и релейной защиты,11,Другое
"Системы архитектурного проектирования, формообразования и расчета",37,Строительство / Архитектура
Системы беспроводной передачи данных,41,Другое
Системы искусственного интеллекта,90,Другое
Системы качества,22,Другое
Системы компьютерной математики,47,IT / Программирование
Системы поддержки принятия решений,96,Другое
Системы управления базами данных,107,Другое
Системы управления базами данных и базами знаний,10,Другое
Служение обществу,598,Софт-скиллы / Общие компетенции
Сметное дело,149,Другое
Современная история Казахстана,264,Гуманитарные науки
Современное оборудование и средства автоматизации процессов производства технологических машин,1,Другое
"Современное состояние радиотехники, электроники и телекоммуникаций",2,Электроника и телеком
Современные аспекты развития аккредитации органов по сертификации и испытательных лабораторий,5,Измерения / Метрология / Качество
Современные аспекты развития метрологии,5,Измерения / Метрология / Качество
Современные аспекты развития стандартизации и сертификации (по отраслям),7,Измерения / Метрология / Качество
Современные конструкционные материалы и нанотехнологии,28,Машиностроение
Современные криптографические методы защиты информации,6,Другое
Современные материалы в дизайне,11,Дизайн / Искусство
Современные материалы в дизайне (по профилю),11,Дизайн / Искусство
Современные методы повышения надежности машин,3,Другое
Современные методы повышения надежности транспортной техники,3,Транспорт
Современные микроконтроллеры и коммуникационные микропроцессоры,7,Электроника и телеком
Современные планировочные решения при строительстве объектов транспорта,6,Другое
Современные проблемы электроэнергетики,6,Электроника и телеком
Современные ресурсосберегающие технологии восстановления деталей транспортной техники,6,Транспорт
Современные системы автоматизированного проектирования,3,Другое
Современные системы и средства измерений,4,Измерения / Метрология / Качество
Современные тенденции развития систем качества,4,Другое
"Современные технологии восстановления, упрочнения и обработки деталей машин",32,Другое
Современные технологии компьютерной графики,10,IT / Программирование
Современные технологии машиностроительного производства,17,Машиностроение
Современные технологии производства и ремонта транспортной техники и оборудования,3,Транспорт
Современный дизайн,22,Дизайн / Искусство
Современный дизайн (по профилю),22,Дизайн / Искусство
Создание и управление информационными ресурсами,22,IT / Программирование
Создание цифровых двойников машиностроения современными программными средствами,19,Машиностроение
Сопротивление материалов,1,Математика / Физика
Сопротивление материалов и строительная механика,149,Строительство / Архитектура
Специальные разделы искусственного интеллекта,26,Другое
Специальный рисунок,60,Дизайн / Искусство
Средства измерений геометрических величин,22,Измерения / Метрология / Качество
Средства измерения теплофизических и температурных величин,19,Измерения / Метрология / Качество
Средства измерения электрических величин,22,Измерения / Метрология / Качество
Стандартизация и сертификация,20,Измерения / Метрология / Качество
Станки и технологическая оснастка в машиностроительном производстве,65,Машиностроение
Статистические методы в измерениях,1,Измерения / Метрология / Качество
Статистические методы управления качеством,21,Измерения / Метрология / Качество
Статистические методы управления качеством продукции и процессов,22,Измерения / Метрология / Качество
Статистический анализ,13,Другое
Стили и направления в изобразительном искусстве,18,Дизайн / Искусство
Строительное черчение,42,Строительство / Архитектура
Строительное черчение и компьютерная графика,190,IT / Программирование
Строительные материалы,213,Строительство / Архитектура
Строительные машины и оборудование,206,Строительство / Архитектура
Структуры данных и разработка программного обеспечения,7,IT / Программирование
Схемотехника аналоговых электронных устройств,111,Электроника и телеком
Схемы управления электроприводом,152,Электроника и телеком
Теоретическая механика,108,Математика / Физика
Теоретические основы информационных процессов и систем,18,IT / Программирование
Теоретические основы электротехники,29,Электроника и телеком
Теоретические основы электротехники 1,139,Электроника и телеком
Теоретические основы электротехники 2,133,Электроника и телеком
Теория алгоритмов,66,IT / Программирование
Теория вычислительных процессов и структур,7,Другое
Теория и практика создания интерактивных приложений,8,Другое
Теория и практика шрифта,4,Дизайн / Искусство
Теория машин и механизмов,15,Другое
Теория механизмов и машин,50,Другое
Теория моделирования и научного эксперимента,22,Математика / Физика
Теория назначения допусков и посадок типовых соединений,4,Другое
Теория передачи информации,104,Другое
Теория производственных процессов,7,Другое
Теория процессов сварки и государственные стандарты сварочного производства,1,Машиностроение
Теория резания,65,Машиностроение
Теория резания и тепловые процессы в технологических системах,1,Машиностроение
Теория сварочных процессов,21,Машиностроение
Теория электрических цепей,121,Другое
Теория электрических цепей 2,101,Другое
Теория электрической связи,127,Другое
Теплотехника,67,Другое
Теплотехника двигателей внутреннего сгорания,19,Транспорт
Тестирование и обеспечение качества программного обеспечения,44,Другое
Тестирование программного обеспечения и обеспечение качества,18,Другое
Техника высоких напряжений,16,Другое
Техническая подготовка производства и основы проектирования механосборочных цехов,28,Другое
Технические измерения,457,Измерения / Метрология / Качество
Технические средства автоматики,124,Другое
Технические средства автоматики энергосистем,1,Другое
Техническое обслуживание и диагностика транспортной техники,112,Транспорт
Технологии NI в системах сбора данных,30,Другое
Технологии графического программирования,5,IT / Программирование
Технологии приборостроения,36,Другое
Технологии формирования профессионального имиджа,186,Софт-скиллы / Общие компетенции
Технологические процессы машиностроительного производства,1,Машиностроение
Технологический аудит и система профессиональной безопасности в промышленности,1,Другое
Технология возведения зданий и сооружений,304,Строительство / Архитектура
Технология возведения специальных сооружений,149,Строительство / Архитектура
Технология восстановления и ремонт изношенных деталей,58,Другое
Технология производства машин,115,Машиностроение
Технология создания графических изображений,5,Другое
Технология строительного производства 1,36,Строительство / Архитектура
Технология строительных процессов,198,Строительство / Архитектура
"Технология, оборудование и специальные виды сварки",2,Другое
Типология средового дизайна,36,Дизайн / Искусство
Транспортная логистика,140,Транспорт
Транспортные предприятия и результативность их работы,74,Транспорт
Управление IT проектами,231,IT / Программирование
Управление IT-проектами,66,IT / Программирование
Управление в электроэнергетических системах,140,Электроника и телеком
Управление данными и знаниями в информационных системах,27,IT / Программирование
Управление качеством машин и технологических процессов,21,Экономика / Менеджмент
Управление компьютерными сетями,1,IT / Программирование
Управление компьютерными системами,35,IT / Программирование
Управление разработкой программного обеспечения,2,Другое
Управленческие решения на автомобильном транспорте,7,Транспорт
Управленческие решения на транспорте,36,Экономика / Менеджмент
Устройства генерирования и передачи сигналов,91,Другое
Устройства приема и обработки сигналов,91,Другое
Устройство автомобилей,88,Транспорт
Учебная практика,1476,Другое
Физика,574,Математика / Физика
Физика 1,259,Математика / Физика
Физика 2,41,Математика / Физика
Физика 3,28,Математика / Физика
Физическая культура,3388,Физкультура
Физические методы технического контроля,11,Другое
Физические основы измерений в промышленности,20,Измерения / Метрология / Качество
Философия,1219,Гуманитарные науки
Философские проблемы техники,1,Гуманитарные науки
Формы и методы оценки соответствия,1,Другое
Функциональное и логическое программирование,293,IT / Программирование
Химия,1,Другое
Цветоведение,88,Дизайн / Искусство
Цифровая обработка сигналов,13,Другое
Цифровые системы автоматизации и управления,13,Другое
Цифровые устройства,41,Электроника и телеком
Цифровые устройства и микропроцессоры,88,Электроника и телеком
Цифровые устройства формирования и обработки сигналов,18,Электроника и телеком
Шрифт,53,Дизайн / Искусство
Шрифт и реклама,69,Дизайн / Искусство
Экология и устойчивое развитие,191,Другое
Экономика и основы предпринимательства,129,Экономика / Менеджмент
Экономика предприятия,1,Экономика / Менеджмент
Экономические информационные системы,2,IT / Программирование
Экспериментально-исследовательская работа,87,Другое
Экспертные знания и системы поддержки принятия решений,18,Другое
Эксплуатационные материалы транспортной техники,65,Транспорт
Эксплуатация и обслуживание транспортной техники,7,Транспорт
Электрические аппараты,162,Другое
Электрические машины,21,Электроника и телеком
Электрические машины и микромашины,38,Электроника и телеком
Электрические машины и электропривод,118,Электроника и телеком
Электрические системы и сети,118,Другое
Электрические станции и подстанции,158,Электроника и телеком
Электробезопасность,215,Электроника и телеком
Электромеханика,7,Электроника и телеком
Электроника,326,Электроника и телеком
"Электронное, электрическое оборудование транспортной техники",107,Электроника и телеком
Электронные наносенсоры,4,Электроника и телеком
Электрооборудование вагонов,16,Электроника и телеком
Электропитание радиоэлектронных устройств и систем,16,Электроника и телеком
Электропреобразовательные устройства,36,Электроника и телеком
Электропривод,23,Электроника и телеком
Электроснабжение объектов,160,Электроника и телеком
Электротехника,232,Электроника и телеком
Электротехника и основы электроники,13,Электроника и телеком
Электротехническое материаловедение,106,Электроника и телеком
Электротехническое оборудование,166,Электроника и телеком
Элементы и процессы архитектурного дизайна 1,54,Строительство / Архитектура
Элементы и процессы архитектурного дизайна 2,56,Строительство / Архитектура
Элементы и процессы архитектурного дизайна 3,54,Строительство / Архитектура
Элементы и процессы архитектурного дизайна 4,64,Строительство / Архитектура
Элементы и процессы графического дизайна 1,110,Дизайн / Искусство
Элементы и процессы графического дизайна 2,64,Дизайн / Искусство
Элементы и процессы графического дизайна 3,52,Дизайн / Искусство
Элементы и процессы графического дизайна 4,60,Дизайн / Искусство
Элементы искусственного интеллекта в технических системах,42,Другое
Элементы системного анализа и теории принятия решений,37,Другое
Энергетические установки транспортной техники,80,Транспорт
Энергосбережение в системах электроснабжения,10,Электроника и телеком
Эргономика,53,Другое
Этика в цифровом мире,18,Гуманитарные науки
Эффективность ІТ проектов,7,Другое
Эффективность работы транспортных предприятий,25,Транспорт
Языки и технологии программирования,552,IT / Программирование
